entity_id,type,debit,credit,amount,currency,fee,tax,on_hold,settled,created_at,settled_at,settlement_id,settlement_utr,description,notes,payment_id,order_id,order_receipt,method,international,conversion_rate,base_amount,base_currency,refund_id
pay_HgPDLLNAyJwgqL,payment,0.00,24881.14,25482.53,INR,509.65,91.74,N,Y,2026-08-23,2026-08-25,setl_lBfnclOpWerO10,K5K6QMGFIJVEMVVH,Payment for INV-2026-M00001,INV-2026-M00001,pay_HgPDLLNAyJwgqL,order_dm2HrFGg2Bm7rK,INV-2026-M00001,upi,N,,25482.53,INR,
pay_YJ9IfeHfzj7pZu,payment,0.00,26021.92,26650.88,INR,533.02,95.94,N,Y,2026-08-14,2026-08-16,setl_RBw9erwztFHjsG,DLPIAFSS36XDYBX9,Payment for INV-2026-M00002,INV-2026-M00002,pay_YJ9IfeHfzj7pZu,order_FZKQpAHQ5hoXVD,INV-2026-M00002,netbanking,N,,26650.88,INR,
pay_h5CNYqWcpb7Ull,payment,0.00,33021.37,33819.51,INR,676.39,121.75,N,Y,2026-08-24,2026-08-26,setl_ZkaJ0x6iq3cGOZ,W2R9CDU6LDZ7G5CB,Payment for INV-2026-M00003,INV-2026-M00003,pay_h5CNYqWcpb7Ull,order_8aTC2njsnSLP0G,INV-2026-M00003,card,N,,33819.51,INR,
pay_ngzCfAnDK9gdTS,payment,0.00,38756.19,39692.94,INR,793.86,142.89,N,Y,2026-08-18,2026-08-20,setl_lmavHcmYTngV5s,VZU1MKT2D25E4XDH,Payment for INV-2026-M00004,INV-2026-M00004,pay_ngzCfAnDK9gdTS,order_k46ETlhlAxVY6y,INV-2026-M00004,upi,N,,39692.94,INR,
pay_cYpF0m1NfNho5d,payment,0.00,35888.79,36756.23,INR,735.12,132.32,N,Y,2026-08-24,2026-08-26,setl_NmPpS9Eus5hL6n,W663DOLPCNDXI6AH,Payment for INV-2026-M00005,INV-2026-M00005,pay_cYpF0m1NfNho5d,order_zOmvGYGqJULREq,INV-2026-M00005,upi,N,,36756.23,INR,
pay_NS2jYkTlS6aEtE,payment,0.00,35888.80,36756.24,INR,735.12,132.32,N,Y,2026-08-04,2026-08-06,setl_hnBbv1PsmFGOad,LU5VECAKB3UZVCP3,Payment for INV-2026-M00006,INV-2026-M00006,pay_NS2jYkTlS6aEtE,order_x4Mr2zdwK9OpiU,INV-2026-M00006,netbanking,N,,36756.24,INR,
pay_upX4xoHphyDnyU,payment,0.00,2640790.41,31345.52,USD,82131.16,14783.61,N,Y,2026-08-20,2026-08-22,setl_GgwBvnaWIpYuF0,QBE32J4EXCDI3AE1,Payment for INV-2026-M00007,INV-2026-M00007,pay_upX4xoHphyDnyU,order_ub2iz9jTGQOyD8,INV-2026-M00007,card,Y,87.3396,2737705.18,INR,
pay_JDbvXDuGN0jrMA,payment,0.00,6562156.57,59706.13,GBP,204089.46,36736.10,N,Y,2026-08-11,2026-08-13,setl_Hu4mfMFkk7HAEv,U6JX13OHXHRVN9HZ,Payment for INV-2026-M00008,INV-2026-M00008,pay_JDbvXDuGN0jrMA,order_kNLNFPsC8pa9C9,INV-2026-M00008,card,Y,113.9411,6802982.13,INR,
pay_hxWUITpdXbdSko,payment,0.00,29960.61,30684.78,INR,613.70,110.47,N,Y,2026-08-19,2026-08-21,setl_oE80VCEukVQnz6,I3V35UKT3S2FVOV8,Payment for INV-2026-M00009,INV-2026-M00009,pay_hxWUITpdXbdSko,order_5UHrwn1oox8bS7,INV-2026-M00009,netbanking,N,,30684.78,INR,
pay_wASKIOSAxm4CqA,payment,0.00,5495449.58,51159.37,GBP,170913.84,30764.49,N,Y,2026-08-24,2026-08-26,setl_HF8DWZ9mSVinoJ,EHXRVSH3EKMKD6UX,Payment for INV-2026-M00010,INV-2026-M00010,pay_wASKIOSAxm4CqA,order_nhlxzpaM33VA5W,INV-2026-M00010,card,Y,111.3604,5697127.91,INR,
pay_Zwd4hc92iZlWzP,payment,0.00,30440.49,31176.24,INR,623.52,112.23,N,Y,2026-08-15,2026-08-17,setl_A1J0Le9AftaQO2,ET93JSDHSFSIC7JT,Payment for INV-2026-M00011,INV-2026-M00011,pay_Zwd4hc92iZlWzP,order_JDPWpALDw5EOXR,INV-2026-M00011,upi,N,,31176.24,INR,
pay_mnlBEVrJR6ZXe6,payment,0.00,9655.87,9889.26,INR,197.79,35.60,N,Y,2026-08-02,2026-08-04,setl_OmLwm51Xz4yRN4,PUJSGPO2BV77F2H5,Payment for INV-2026-M00012,INV-2026-M00012,pay_mnlBEVrJR6ZXe6,order_IBSV2pobHJYRxF,INV-2026-M00012,netbanking,N,,9889.26,INR,
pay_3RO2oGkbL4oDBG,payment,0.00,33847.77,34665.89,INR,693.32,124.80,N,Y,2026-08-20,2026-08-22,setl_asmyltHCeB6ENR,P12U55UI7BQLM8ED,Payment for INV-2026-M00013,INV-2026-M00013,pay_3RO2oGkbL4oDBG,order_haSjF610fqyWmO,INV-2026-M00013,card,N,,34665.89,INR,
pay_l9v07Hwk5FPD5M,payment,0.00,20119.78,20606.08,INR,412.12,74.18,N,Y,2026-08-24,2026-08-26,setl_TqsD8vx3rhvztq,AAWJ56N32I3KT0ZR,Payment for INV-2026-M00014,INV-2026-M00014,pay_l9v07Hwk5FPD5M,order_JoCZ23CfJyyGgI,INV-2026-M00014,card,N,,20606.08,INR,
pay_pKNtj8JNmG8i0m,payment,0.00,14618.12,14971.45,INR,299.43,53.90,N,Y,2026-08-09,2026-08-11,setl_3TXHru74bzThdy,YJ14O1EJ10M80VDS,Payment for INV-2026-M00015,INV-2026-M00015,pay_pKNtj8JNmG8i0m,order_dGiMMXhi4f5LMW,INV-2026-M00015,card,N,,14971.45,INR,
pay_n8nrOC8Xlm7Yoe,payment,0.00,2922.73,2993.38,INR,59.87,10.78,N,Y,2026-08-14,2026-08-16,setl_YJ8OfhrhYM5z5A,IPPZWTVT9Q8MJHIS,Payment for INV-2026-M00016,INV-2026-M00016,pay_n8nrOC8Xlm7Yoe,order_YIZmbG4b8mgYDF,INV-2026-M00016,upi,N,,2993.38,INR,
pay_zOelCWyisFyXdR,payment,0.00,5132313.26,55790.94,EUR,159619.94,28731.59,N,Y,2026-08-14,2026-08-16,setl_mmFCZhUAC84w3f,YP1A4NRLJ2UTLK27,Payment for INV-2026-M00017,INV-2026-M00017,pay_zOelCWyisFyXdR,order_VofbADGRwXMHFW,INV-2026-M00017,card,Y,95.3679,5320664.79,INR,
pay_yXa0TT6ZhySAv8,payment,0.00,27569.28,28235.64,INR,564.71,101.65,N,Y,2026-08-06,2026-08-08,setl_bMs5dFgPSISNi9,234KSIOJCR0W532W,Payment for INV-2026-M00018,INV-2026-M00018,pay_yXa0TT6ZhySAv8,order_yvYsRBKXTY3kdp,INV-2026-M00018,upi,N,,28235.64,INR,
pay_7kfLfs0UKHcmaL,payment,0.00,26622.33,27265.81,INR,545.32,98.16,N,Y,2026-08-13,2026-08-15,setl_0CAIAVpFHffGdL,6T9ZVG6LMBUE4X3G,Payment for INV-2026-M00019,INV-2026-M00019,pay_7kfLfs0UKHcmaL,order_E9mQXJp8IsYxTQ,INV-2026-M00019,card,N,,27265.81,INR,
pay_Db5PRKE5ZbRHwb,payment,0.00,36960.42,37853.77,INR,757.08,136.27,N,Y,2026-08-04,2026-08-06,setl_FG8woHlzdGu9t9,A1E7KMEUE8LOFUCR,Payment for INV-2026-M00020,INV-2026-M00020,pay_Db5PRKE5ZbRHwb,order_zbqqUtzrSZx34V,INV-2026-M00020,upi,N,,37853.77,INR,
pay_uNdvvD8xTjuhV2,payment,0.00,18427.47,18872.87,INR,377.46,67.94,N,Y,2026-08-17,2026-08-19,setl_tc0qkvt0bJue2Z,0XTEMX91VKGORH9Q,Payment for INV-2026-M00021,INV-2026-M00021,pay_uNdvvD8xTjuhV2,order_uampdpAPvadCwv,INV-2026-M00021,card,N,,18872.87,INR,
pay_IWZWfRa6e2QTcL,payment,0.00,2509.39,2570.04,INR,51.40,9.25,N,Y,2026-08-02,2026-08-04,setl_QH6q4uBhv0fblr,VTPK0UA0E02ZSYZE,Payment for INV-2026-M00022,INV-2026-M00022,pay_IWZWfRa6e2QTcL,order_DYDAE9zRMeZjTH,INV-2026-M00022,card,N,,2570.04,INR,
pay_tYW24BL1KYQ75H,payment,0.00,660.80,676.78,INR,13.54,2.44,N,Y,2026-08-18,2026-08-20,setl_PAJHP960asUSib,DLWVYAMTWX9B4IO2,Payment for INV-2026-M00023,INV-2026-M00023,pay_tYW24BL1KYQ75H,order_LN7qD2FJCY3pm6,INV-2026-M00023,netbanking,N,,676.78,INR,
pay_XpBP5XcXkBPbjo,payment,0.00,23802.82,24378.14,INR,487.56,87.76,N,Y,2026-08-16,2026-08-18,setl_HYl5aHT1eiAyWb,ORB4P8VQMD8Y4LMK,Payment for INV-2026-M00024,INV-2026-M00024,pay_XpBP5XcXkBPbjo,order_nfIjwhkJyuaFbr,INV-2026-M00024,upi,N,,24378.14,INR,
pay_YnKzmyIyeZ99ED,payment,0.00,34947.97,35792.67,INR,715.85,128.85,N,Y,2026-08-22,2026-08-24,setl_gebLhx4G9dTUwx,U10M9VH4QRBOPRLO,Payment for INV-2026-M00025,INV-2026-M00025,pay_YnKzmyIyeZ99ED,order_NOfV041LjWuJFl,INV-2026-M00025,card,N,,35792.67,INR,
pay_tK7fa6JzEGnghB,payment,0.00,1289971.48,13632.94,EUR,40119.37,7221.49,N,Y,2026-08-25,2026-08-27,setl_wtDMBwc7HO3tlj,HC139HPWX08LWJ2T,Payment for INV-2026-M00026,INV-2026-M00026,pay_tK7fa6JzEGnghB,order_wrLjMvSZRg3Z35,INV-2026-M00026,card,Y,98.0942,1337312.34,INR,
pay_ZDXYI8TmxdjXTK,payment,0.00,8010.18,8203.79,INR,164.08,29.53,N,Y,2026-08-10,2026-08-12,setl_cytIYoI2rqbODJ,A7D3BW3MAKUAHPCA,Payment for INV-2026-M00027,INV-2026-M00027,pay_ZDXYI8TmxdjXTK,order_87GRG4RfvO9HAN,INV-2026-M00027,netbanking,N,,8203.79,INR,
pay_9fMfU8gbAvEOri,payment,0.00,1036.93,1061.99,INR,21.24,3.82,N,Y,2026-08-09,2026-08-11,setl_e3D6uvfUj7vdHa,TKC0HSMOB5ZEC3WG,Payment for INV-2026-M00028,INV-2026-M00028,pay_9fMfU8gbAvEOri,order_zgC8ywBZugUZrP,INV-2026-M00028,card,N,,1061.99,INR,
pay_i74jV7h92WbetS,payment,0.00,1894.40,1940.18,INR,38.80,6.98,N,Y,2026-08-06,2026-08-08,setl_ckeZuUWi8829ub,55FLKRRIN7ZCRTA3,Payment for INV-2026-M00029,INV-2026-M00029,pay_i74jV7h92WbetS,order_O2UFA0ciz5NNXa,INV-2026-M00029,card,N,,1940.18,INR,
pay_nqvx2L4ff506Xq,payment,0.00,1775319.52,21060.83,USD,55214.17,9938.55,N,Y,2026-08-26,2026-08-28,setl_K4eUwcny1zWJOh,EYI0R37QF940ZZBW,Payment for INV-2026-M00030,INV-2026-M00030,pay_nqvx2L4ff506Xq,order_5Wxdg97TJ5Vbp0,INV-2026-M00030,card,Y,87.3884,1840472.24,INR,
pay_dQ25sgPQFfqDj7,payment,0.00,18571.54,19020.42,INR,380.41,68.47,N,Y,2026-08-07,2026-08-09,setl_Px2UB9zBFzKIPn,UC5ZAVJ3B9CXKJ0S,Payment for INV-2026-M00031,INV-2026-M00031,pay_dQ25sgPQFfqDj7,order_NrelfEh01oFDJ0,INV-2026-M00031,card,N,,19020.42,INR,
pay_hMezxhdHcQzVQW,payment,0.00,32075.25,32850.52,INR,657.01,118.26,N,Y,2026-08-23,2026-08-25,setl_VdXif1iyRPY8kf,S1Z1XZ669KSR1AVT,Payment for INV-2026-M00032,INV-2026-M00032,pay_hMezxhdHcQzVQW,order_OIm9UcH19xSGhW,INV-2026-M00032,netbanking,N,,32850.52,INR,
pay_z2SpQxztBhWGy0,payment,0.00,5663622.94,52575.02,GBP,176144.19,31705.95,N,Y,2026-08-03,2026-08-05,setl_0fpKGvBwx0Nj4m,X5819RK8AC6UN7GX,Payment for INV-2026-M00033,INV-2026-M00033,pay_z2SpQxztBhWGy0,order_UGTBecatbkyvdv,INV-2026-M00033,card,Y,111.6780,5871473.08,INR,
pay_dW3efJ1gb8LzKL,payment,0.00,1145.76,1173.45,INR,23.47,4.22,N,Y,2026-08-09,2026-08-11,setl_VwnTVmguhyXfho,GU1HPUFTX1L9WUWR,Payment for INV-2026-M00034,INV-2026-M00034,pay_dW3efJ1gb8LzKL,order_xdQEZdlIMnP1yZ,INV-2026-M00034,netbanking,N,,1173.45,INR,
pay_kIXET5dNufOLZ2,payment,0.00,31307.66,32064.38,INR,641.29,115.43,N,Y,2026-08-14,2026-08-16,setl_04t70KFBgcB8w0,QM1804XRF4EB3KXK,Payment for INV-2026-M00035,INV-2026-M00035,pay_kIXET5dNufOLZ2,order_FwFoa7jXhKmOT4,INV-2026-M00035,card,N,,32064.38,INR,
pay_P8dYODLgqaOZes,payment,0.00,17285.79,17703.59,INR,354.07,63.73,N,Y,2026-08-21,2026-08-23,setl_dhGbVpYRhBEkxk,WU5WSZVERN8338JS,Payment for INV-2026-M00036,INV-2026-M00036,pay_P8dYODLgqaOZes,order_UF5wfBM7RwRO1N,INV-2026-M00036,netbanking,N,,17703.59,INR,
pay_J8itdPr1ipRVet,payment,0.00,34747.62,35587.49,INR,711.75,128.12,N,Y,2026-08-25,2026-08-27,setl_o5EHeOpQnZDMyZ,39814GIYQWVLTDDG,Payment for INV-2026-M00037,INV-2026-M00037,pay_J8itdPr1ipRVet,order_3dXWsqEPPcC47m,INV-2026-M00037,card,N,,35587.49,INR,
pay_D9lcxRHy8nbiDo,payment,0.00,11481.77,11759.29,INR,235.19,42.33,N,Y,2026-08-06,2026-08-08,setl_yPx8mEzs7xaNGZ,SROPNUTADA64CS0E,Payment for INV-2026-M00038,INV-2026-M00038,pay_D9lcxRHy8nbiDo,order_HACithwh12B9Et,INV-2026-M00038,netbanking,N,,11759.29,INR,
pay_xO7UrGmF5K7zkd,payment,0.00,38563.18,39495.27,INR,789.91,142.18,N,Y,2026-08-13,2026-08-15,setl_k5SQwJ7i8koekx,PQYAM1G1JK18JCVJ,Payment for INV-2026-M00039,INV-2026-M00039,pay_xO7UrGmF5K7zkd,order_GcoUbldMzSp9Ha,INV-2026-M00039,netbanking,N,,39495.27,INR,
pay_e95gQDXfAqFXNe,payment,0.00,35446.03,36302.78,INR,726.06,130.69,N,Y,2026-08-06,2026-08-08,setl_1an6cKIvuFP2n8,2FUBU06MXVE21OXY,Payment for INV-2026-M00040,INV-2026-M00040,pay_e95gQDXfAqFXNe,order_GVBepMn9IwFyd7,INV-2026-M00040,netbanking,N,,36302.78,INR,
pay_ps80ogKbA5Hy1C,payment,0.00,15126.48,15492.09,INR,309.84,55.77,N,Y,2026-08-04,2026-08-06,setl_ztNsz7G4krLlkY,58BKDSOWBLI7UJEW,Payment for INV-2026-M00041,INV-2026-M00041,pay_ps80ogKbA5Hy1C,order_aIqNMBsyRwfnoy,INV-2026-M00041,upi,N,,15492.09,INR,
pay_EiikLS8QRJPHDF,payment,0.00,25286.27,25897.45,INR,517.95,93.23,N,Y,2026-08-22,2026-08-24,setl_H25sCFRXnFOULI,WNNL57SAOHG9PZ2N,Payment for INV-2026-M00042,INV-2026-M00042,pay_EiikLS8QRJPHDF,order_0cu4fYs8jnLJ3q,INV-2026-M00042,upi,N,,25897.45,INR,
pay_22wXp08IgFiXKE,payment,0.00,25286.27,25897.45,INR,517.95,93.23,N,Y,2026-08-06,2026-08-08,setl_wsTnPtYiS7oy55,PVAKVX3X3SXJ3XNK,Payment for INV-2026-M00043,INV-2026-M00043,pay_22wXp08IgFiXKE,order_xoV8Dqoqcq951z,INV-2026-M00043,upi,N,,25897.45,INR,
pay_hknuM5MqPbgeEp,payment,0.00,12791.91,13101.09,INR,262.02,47.16,N,Y,2026-08-05,2026-08-07,setl_MzHTHlgXTP8K8S,YP5TVPH9TI4G5S4V,Payment for INV-2026-M00044,INV-2026-M00044,pay_hknuM5MqPbgeEp,order_CUeYzGQW3aqRL4,INV-2026-M00044,card,N,,13101.09,INR,
pay_TPUrfBaqV7nf9Y,payment,0.00,29637.15,30353.49,INR,607.07,109.27,N,Y,2026-08-11,2026-08-13,setl_6ACDnSOMRGnFQB,G8QZU9ITJHW0GM3V,Payment for INV-2026-M00045,INV-2026-M00045,pay_TPUrfBaqV7nf9Y,order_oF2WKcBoYBH3lJ,INV-2026-M00045,netbanking,N,,30353.49,INR,
pay_VT3Znw48arucpp,payment,0.00,24843.71,25444.19,INR,508.88,91.60,N,Y,2026-08-18,2026-08-20,setl_GdzgrDreTp2whb,RGW3U8LOV8CZ1XHO,Payment for INV-2026-M00046,INV-2026-M00046,pay_VT3Znw48arucpp,order_8Otu9hU9fcyKV2,INV-2026-M00046,netbanking,N,,25444.19,INR,
pay_tG4J5dgeLHPUEf,payment,0.00,3738.78,3829.14,INR,76.58,13.78,N,Y,2026-08-04,2026-08-06,setl_aQj1JqtmtrTQK7,RN6LSWVRQ4B63EC8,Payment for INV-2026-M00047,INV-2026-M00047,pay_tG4J5dgeLHPUEf,order_hghs3FqF52d8yD,INV-2026-M00047,upi,N,,3829.14,INR,
pay_ciZOBIymSvZcEG,payment,0.00,14291.23,14636.65,INR,292.73,52.69,N,Y,2026-08-18,2026-08-20,setl_g3NNOnsup3phKU,108P900QKQM1CF1J,Payment for INV-2026-M00048,INV-2026-M00048,pay_ciZOBIymSvZcEG,order_Ww7id7IuDVyBYG,INV-2026-M00048,card,N,,14636.65,INR,
pay_Z6iyNL1p2XyFLH,payment,0.00,14291.23,14636.65,INR,292.73,52.69,N,Y,2026-08-12,2026-08-14,setl_FEfKe05UrIZN4k,NGSONLMG3BI20WCU,Payment for INV-2026-M00049,INV-2026-M00049,pay_Z6iyNL1p2XyFLH,order_ik8BoQeP70PIFf,INV-2026-M00049,netbanking,N,,14636.65,INR,
pay_zRRGCaXTiOzeB5,payment,0.00,34373.68,35204.51,INR,704.09,126.74,N,Y,2026-08-08,2026-08-10,setl_AQ0JQNw2J1r1DJ,1Z067HTFP99WBL4W,Payment for INV-2026-M00050,INV-2026-M00050,pay_zRRGCaXTiOzeB5,order_ErpZagJyZsGxQZ,INV-2026-M00050,card,N,,35204.51,INR,
pay_g5tKOjh3oeiTwN,payment,0.00,36355.14,37233.86,INR,744.68,134.04,N,Y,2026-08-10,2026-08-12,setl_OOp7WYK7BSKeTY,W3M9EGTBS8WX3CWN,Payment for INV-2026-M00051,INV-2026-M00051,pay_g5tKOjh3oeiTwN,order_luZYlyCjt87UcS,INV-2026-M00051,upi,N,,37233.86,INR,
pay_6C75FrCaXyhhfd,payment,0.00,10866.57,11129.21,INR,222.58,40.06,N,Y,2026-08-23,2026-08-25,setl_99LDJXJQQSUJp4,94BRVSSYTWNSKKAJ,Payment for INV-2026-M00052,INV-2026-M00052,pay_6C75FrCaXyhhfd,order_YEEIL43q82NBtz,INV-2026-M00052,netbanking,N,,11129.21,INR,
pay_STa4qq8wKT2A4j,payment,0.00,40797.68,41783.78,INR,835.68,150.42,N,Y,2026-08-24,2026-08-26,setl_s648x7TjOkvRMW,LDSQALXDKI3NSOC2,Payment for INV-2026-M00053,INV-2026-M00053,pay_STa4qq8wKT2A4j,order_rB0H1mjSRT5Jn4,INV-2026-M00053,upi,N,,41783.78,INR,
pay_cdoljOWJJsAJjG,payment,0.00,40797.68,41783.78,INR,835.68,150.42,N,Y,2026-08-02,2026-08-04,setl_c394R8uH6Oeln0,UOCMWJZY9Y3SD6EE,Payment for INV-2026-M00054,INV-2026-M00054,pay_cdoljOWJJsAJjG,order_4Z2Oth8iHDwPJG,INV-2026-M00054,card,N,,41783.78,INR,
pay_Mgk93JwRwtnCZZ,payment,0.00,18261.95,18703.35,INR,374.07,67.33,N,Y,2026-08-09,2026-08-11,setl_qy8paJifKkTxgA,X60Z3MTBLJ6CUMOP,Payment for INV-2026-M00055,INV-2026-M00055,pay_Mgk93JwRwtnCZZ,order_rT1QX0iTJDfJ6r,INV-2026-M00055,upi,N,,18703.35,INR,
pay_mGkPQmYBxJiqBQ,payment,0.00,20197.78,20685.97,INR,413.72,74.47,N,Y,2026-08-14,2026-08-16,setl_zoOwYombvitfnm,DKIX771VJLN5HPK5,Payment for INV-2026-M00056,INV-2026-M00056,pay_mGkPQmYBxJiqBQ,order_rur5KQE5DvrB5C,INV-2026-M00056,upi,N,,20685.97,INR,
pay_nwNEoddlX3VmsL,payment,0.00,861406.18,9390.79,EUR,26790.57,4822.30,N,Y,2026-08-08,2026-08-10,setl_DuS9SrpIdjYnT7,2CKE42P4345AWPPY,Payment for INV-2026-M00057,INV-2026-M00057,pay_nwNEoddlX3VmsL,order_umdTJKbUvp6eJg,INV-2026-M00057,card,Y,95.0952,893019.05,INR,
pay_zep1DM3oxblh2v,payment,0.00,24247.16,24833.22,INR,496.66,89.40,N,Y,2026-08-17,2026-08-19,setl_EKuBOFT5eamT2D,SXAUALTUH8JE6MXN,Payment for INV-2026-M00058,INV-2026-M00058,pay_zep1DM3oxblh2v,order_YNtCRUvmmQPUjZ,INV-2026-M00058,card,N,,24833.22,INR,
pay_mM5heAj4CkvcuI,payment,0.00,8431.43,8635.22,INR,172.70,31.09,N,Y,2026-08-09,2026-08-11,setl_Bo4O6FVt0CTznr,UHP5QZ1EGVRE2BFD,Payment for INV-2026-M00059,INV-2026-M00059,pay_mM5heAj4CkvcuI,order_hLbCgDmVBmPo0Q,INV-2026-M00059,card,N,,8635.22,INR,
pay_gfd2eT2luCsMlK,payment,0.00,1405.55,1439.52,INR,28.79,5.18,N,Y,2026-08-19,2026-08-21,setl_dPXYTi5YLPltkk,77MFU37PNTL7N523,Payment for INV-2026-M00060,INV-2026-M00060,pay_gfd2eT2luCsMlK,order_eIUhUq2sbUNnuC,INV-2026-M00060,card,N,,1439.52,INR,
pay_wgUgw9vo2K9V0O,payment,0.00,377765.29,16419.40,AED,11748.87,2114.80,N,Y,2026-08-14,2026-08-16,setl_WdlV4fEA8APKZl,6JJ0E0Z7Y8U4CKPY,Payment for INV-2026-M00061,INV-2026-M00061,pay_wgUgw9vo2K9V0O,order_9DmvlL9GN9gFZ2,INV-2026-M00061,card,Y,23.8516,391628.96,INR,
pay_AQIs65qrwb5VZX,payment,0.00,35906.08,36773.95,INR,735.48,132.39,N,Y,2026-08-04,2026-08-06,setl_2OX2N1nuk1N48a,UON1UJQ7A7PF2GA0,Payment for INV-2026-M00062,INV-2026-M00062,pay_AQIs65qrwb5VZX,order_0M3LsDAOAJNLuy,INV-2026-M00062,card,N,,36773.95,INR,
pay_frkQuOEM8JMD7t,payment,0.00,1142592.17,49898.66,AED,35535.73,6396.43,N,Y,2026-08-09,2026-08-11,setl_0g1fNVMmuhwbd9,S5BROW2G6EYC7BXK,Payment for INV-2026-M00063,INV-2026-M00063,pay_frkQuOEM8JMD7t,order_oXoyIon3jfq4qp,INV-2026-M00063,card,Y,23.7386,1184524.33,INR,
pay_IQGZGJy2bPwCNm,payment,0.00,1715876.42,15945.11,GBP,53365.43,9605.78,N,Y,2026-08-03,2026-08-05,setl_LxDAt9A9b6LsuX,X5CC7W5KT897ORDV,Payment for INV-2026-M00064,INV-2026-M00064,pay_IQGZGJy2bPwCNm,order_aVBcys3RTgY5T6,INV-2026-M00064,card,Y,111.5607,1778847.63,INR,
rfnd_Yn9A4HdrIIEKt7,refund,1785219.30,0.00,15945.11,GBP,0.00,0.00,N,Y,2026-08-08,2026-08-09,setl_LxDAt9A9b6LsuX,X5CC7W5KT897ORDV,Refund against INV-2026-M00064,INV-2026-M00064,pay_IQGZGJy2bPwCNm,order_aVBcys3RTgY5T6,INV-2026-M00064,card,Y,111.9603,1785219.30,INR,rfnd_Yn9A4HdrIIEKt7
pay_L3HgUaDLHnV22Q,payment,0.00,2432957.48,39087.12,SGD,75667.35,13620.12,N,Y,2026-08-06,2026-08-08,setl_wkje5hy4WyCwtX,8R6D2I1BQMMEI9UB,Payment for INV-2026-M00065,INV-2026-M00065,pay_L3HgUaDLHnV22Q,order_FZNM2biTpU45bB,INV-2026-M00065,card,Y,64.5288,2522244.95,INR,
pay_viIWTEmNvWXvzs,payment,0.00,579338.21,25177.51,AED,18017.98,3243.24,N,Y,2026-08-03,2026-08-05,setl_2vNCMmmPIukR3u,PKDCTN5XDY6PEEVS,Payment for INV-2026-M00066,INV-2026-M00066,pay_viIWTEmNvWXvzs,order_wK0GydNYLkNbHn,INV-2026-M00066,card,Y,23.8546,600599.43,INR,
pay_Bsm29B3RCTUe7s,payment,0.00,5058187.19,47075.57,GBP,157314.55,28316.62,N,Y,2026-08-09,2026-08-11,setl_GpuWYmQ54OgUPf,97WQUW4U2BPYLAWY,Payment for INV-2026-M00067,INV-2026-M00067,pay_Bsm29B3RCTUe7s,order_mDyULnZvpSPGtW,INV-2026-M00067,card,Y,111.3915,5243818.36,INR,
pay_YZixqPSiKjpSVp,payment,0.00,31743.70,32510.96,INR,650.22,117.04,N,Y,2026-08-04,2026-08-06,setl_UwLQVGmkKe6WrU,L229LF1U8L2L9L05,Payment for INV-2026-M00068,INV-2026-M00068,pay_YZixqPSiKjpSVp,order_YDPyjmKlZrIRsP,INV-2026-M00068,netbanking,N,,32510.96,INR,
pay_0FBVPd3AzYLUwc,payment,0.00,4091.94,4190.85,INR,83.82,15.09,N,Y,2026-08-23,2026-08-25,setl_GEMiY5qmkto10c,PJLGAP76518EQ9X9,Payment for INV-2026-M00069,INV-2026-M00069,pay_0FBVPd3AzYLUwc,order_UNY8beS2ZWBaI2,INV-2026-M00069,upi,N,,4190.85,INR,
pay_iMzkPJMqL1Xjkb,payment,0.00,22537.00,23081.72,INR,461.63,83.09,N,Y,2026-08-18,2026-08-20,setl_hIBU3B2hwM3yIq,D0SPVZONZFZT2R28,Payment for INV-2026-M00070,INV-2026-M00070,pay_iMzkPJMqL1Xjkb,order_3Pdjl6ESEjdMZ4,INV-2026-M00070,upi,N,,23081.72,INR,
pay_D1NktbGLKqoHX6,payment,0.00,20039.25,20523.60,INR,410.47,73.88,N,Y,2026-08-12,2026-08-14,setl_5W1OCwd6xcLG1M,RWU3VUH85ZXAOP7S,Payment for INV-2026-M00071,INV-2026-M00071,pay_D1NktbGLKqoHX6,order_R6RegbDjO65HRn,INV-2026-M00071,netbanking,N,,20523.60,INR,
pay_Wy8CiSFzZgUbmz,payment,0.00,16058.75,16446.90,INR,328.94,59.21,N,Y,2026-08-08,2026-08-10,setl_W6AegOrdSB1Bk4,QIRSYBBFFKMULDSC,Payment for INV-2026-M00072,INV-2026-M00072,pay_Wy8CiSFzZgUbmz,order_Ibfv6Oa0qFyzS6,INV-2026-M00072,upi,N,,16446.90,INR,
pay_4qFFLXqlLYtY0r,payment,0.00,32657.86,33447.21,INR,668.94,120.41,N,Y,2026-08-11,2026-08-13,setl_VVUS8kJWIic47l,KFBH7EFDGP5GD0WI,Payment for INV-2026-M00073,INV-2026-M00073,pay_4qFFLXqlLYtY0r,order_XdB5Hmc2Vo6DWE,INV-2026-M00073,upi,N,,33447.21,INR,
pay_IYh5aeU7CxJCoI,payment,0.00,34377.94,35208.87,INR,704.18,126.75,N,Y,2026-08-07,2026-08-09,setl_wyuPunqPOwBbMn,OXC0FW170KFP8EDN,Payment for INV-2026-M00074,INV-2026-M00074,pay_IYh5aeU7CxJCoI,order_5IcrP7jIn8u6Ws,INV-2026-M00074,card,N,,35208.87,INR,
pay_GneiCILywuPmFU,payment,0.00,34377.95,35208.88,INR,704.18,126.75,N,Y,2026-08-10,2026-08-12,setl_ILswe6lOaF6ufL,5BRRXXD3OK71A2JT,Payment for INV-2026-M00075,INV-2026-M00075,pay_GneiCILywuPmFU,order_Ln8u1WWVScElOL,INV-2026-M00075,netbanking,N,,35208.88,INR,
pay_SBtAiKixNPaHoG,payment,0.00,25682.42,26303.17,INR,526.06,94.69,N,Y,2026-08-19,2026-08-21,setl_AR68cfOV7OVQsF,H0P3LXKOSMSL350X,Payment for INV-2026-M00076,INV-2026-M00076,pay_SBtAiKixNPaHoG,order_urm8PHoPnN5oQs,INV-2026-M00076,card,N,,26303.17,INR,
pay_oVG9PYOF2NLKHW,payment,0.00,13567.59,13895.52,INR,277.91,50.02,N,Y,2026-08-04,2026-08-06,setl_r5I3Cjzd668Fsj,F9SKERN4IYDEKQWF,Payment for INV-2026-M00077,INV-2026-M00077,pay_oVG9PYOF2NLKHW,order_Lrq5S81yVCoUqa,INV-2026-M00077,upi,N,,13895.52,INR,
pay_faxU10kx7qjLYq,payment,0.00,845784.23,7558.93,GBP,26304.71,4734.85,N,Y,2026-08-15,2026-08-17,setl_9iUGW16zLiBWGu,CNEVCDP1PHJXO3B8,Payment for INV-2026-M00078,INV-2026-M00078,pay_faxU10kx7qjLYq,order_uB7k3awB5xpPFo,INV-2026-M00078,card,Y,115.9984,876823.79,INR,
pay_kBYkrUpZrtB1bQ,payment,0.00,37446.03,38351.11,INR,767.02,138.06,N,Y,2026-08-18,2026-08-20,setl_TNP7AKdpgBxwB3,XSZK37AG689BLHO8,Payment for INV-2026-M00079,INV-2026-M00079,pay_kBYkrUpZrtB1bQ,order_zZJszczvANZ8lF,INV-2026-M00079,upi,N,,38351.11,INR,
pay_IUO4ykYTCzTvfp,payment,0.00,5909.59,6052.43,INR,121.05,21.79,N,Y,2026-08-03,2026-08-05,setl_MdG7u4OGZj7VV4,49MTVB92W2KLNU14,Payment for INV-2026-M00080,INV-2026-M00080,pay_IUO4ykYTCzTvfp,order_Ao0Z1IVyfbJ6QF,INV-2026-M00080,card,N,,6052.43,INR,
pay_RmcKdtazz4sWf4,payment,0.00,21625.13,22147.82,INR,442.96,79.73,N,Y,2026-08-15,2026-08-17,setl_cotOMj4aPb6nxF,P7YUCJ99HTLKEHLG,Payment for INV-2026-M00081,INV-2026-M00081,pay_RmcKdtazz4sWf4,order_RFbFMwsJXfn2IW,INV-2026-M00081,netbanking,N,,22147.82,INR,
pay_amQaiuO1G7wrdM,payment,0.00,33994.33,34815.99,INR,696.32,125.34,N,Y,2026-08-22,2026-08-24,setl_g5JHohcA2p2dlH,9LYMHVMC0O1E6CCT,Payment for INV-2026-M00082,INV-2026-M00082,pay_amQaiuO1G7wrdM,order_QuQr2MoJfecU7V,INV-2026-M00082,netbanking,N,,34815.99,INR,
pay_MXkz3z81oHdBME,payment,0.00,30764.51,31508.10,INR,630.16,113.43,N,Y,2026-08-08,2026-08-10,setl_sEmbjNMEkc20mN,Q39L4ZXZIHR96F0W,Payment for INV-2026-M00083,INV-2026-M00083,pay_MXkz3z81oHdBME,order_eAgaCUxbheFpoh,INV-2026-M00083,netbanking,N,,31508.10,INR,
pay_zhVso22snJ2Lm6,payment,0.00,30764.51,31508.10,INR,630.16,113.43,N,Y,2026-08-02,2026-08-04,setl_Lpf4TVy1WgCbrK,1JU6B6O2REB4J9VT,Payment for INV-2026-M00084,INV-2026-M00084,pay_zhVso22snJ2Lm6,order_LEFlcyWNQjgpyn,INV-2026-M00084,netbanking,N,,31508.10,INR,
pay_I4U39dbjbpa5y0,payment,0.00,13365.82,13688.88,INR,273.78,49.28,N,Y,2026-08-14,2026-08-16,setl_l2uokQa9vFcw8O,LL7MNYRWP84Q5BYH,Payment for INV-2026-M00085,INV-2026-M00085,pay_I4U39dbjbpa5y0,order_RDSE1GXlfAuFT0,INV-2026-M00085,netbanking,N,,13688.88,INR,
pay_BvZzlR4ApbVyLc,payment,0.00,37338.67,38241.16,INR,764.82,137.67,N,Y,2026-08-19,2026-08-21,setl_hjklQf2qwZ2nkZ,PNNC1AFOCF8RG67P,Payment for INV-2026-M00086,INV-2026-M00086,pay_BvZzlR4ApbVyLc,order_lzcCKL6Zinw2G3,INV-2026-M00086,upi,N,,38241.16,INR,
pay_aXly98FoxBAIZa,payment,0.00,3477.94,3562.00,INR,71.24,12.82,N,Y,2026-08-12,2026-08-14,setl_Lw6qEKYT1YtnPl,U9A9LPW5DRFTZNOQ,Payment for INV-2026-M00087,INV-2026-M00087,pay_aXly98FoxBAIZa,order_ZLres2n1B6pV6F,INV-2026-M00087,upi,N,,3562.00,INR,
pay_yrb995qMe8DhGQ,payment,0.00,9253.12,9476.78,INR,189.54,34.12,N,Y,2026-08-06,2026-08-08,setl_nUDSCeOqRQk7jc,PX9H0JSJUUK4G9S9,Payment for INV-2026-M00088,INV-2026-M00088,pay_yrb995qMe8DhGQ,order_qllU8XBnHjTvG5,INV-2026-M00088,netbanking,N,,9476.78,INR,
pay_KM1VTEvEdG8vti,payment,0.00,1365.15,1398.14,INR,27.96,5.03,N,Y,2026-08-25,2026-08-27,setl_FyQqvZdyVMbLuR,767L95C76W1RH61K,Payment for INV-2026-M00089,INV-2026-M00089,pay_KM1VTEvEdG8vti,order_UQg13V9cwPmneN,INV-2026-M00089,netbanking,N,,1398.14,INR,
pay_cgYRrMGjMHAWz3,payment,0.00,30720.26,31462.79,INR,629.26,113.27,N,Y,2026-08-24,2026-08-26,setl_uUZDqLkQgzZmJZ,1FA81NW7FMEF1BYT,Payment for INV-2026-M00090,INV-2026-M00090,pay_cgYRrMGjMHAWz3,order_YN6Xz5wBFrfavX,INV-2026-M00090,card,N,,31462.79,INR,
pay_lEAEMlRokYAuZx,payment,0.00,409001.89,17807.77,AED,12720.36,2289.66,N,Y,2026-08-20,2026-08-22,setl_MTJ3JJbA81DlNe,JVGVY82YNPGDTTJW,Payment for INV-2026-M00091,INV-2026-M00091,pay_lEAEMlRokYAuZx,order_iOXvfXA8wweWql,INV-2026-M00091,card,Y,23.8105,424011.91,INR,
pay_hb34hxO6GVEykl,payment,0.00,1425.98,1460.45,INR,29.21,5.26,N,Y,2026-08-18,2026-08-20,setl_HLFYHkcZcgtYB9,UONH0P6JXV3ER0ZA,Payment for INV-2026-M00092,INV-2026-M00092,pay_hb34hxO6GVEykl,order_M22PAJh8jAdXkC,INV-2026-M00092,netbanking,N,,1460.45,INR,
pay_5HCqR0xkXs80cL,payment,0.00,13076.45,13392.51,INR,267.85,48.21,N,Y,2026-08-03,2026-08-05,setl_PFWoC2UG2DgcLE,9BK5JUMVTYLRCVDP,Payment for INV-2026-M00093,INV-2026-M00093,pay_5HCqR0xkXs80cL,order_sjIp1nFUsslMWq,INV-2026-M00093,upi,N,,13392.51,INR,
pay_5urTbK8rGvkX7H,payment,0.00,8247.27,8446.61,INR,168.93,30.41,N,Y,2026-08-06,2026-08-08,setl_tA0ii01wksbYcj,KA8S3EZXEV70VZD5,Payment for INV-2026-M00094,INV-2026-M00094,pay_5urTbK8rGvkX7H,order_7I5afNfjn4eu2z,INV-2026-M00094,upi,N,,8446.61,INR,
pay_uT3suK4fOmZC5K,payment,0.00,17734.56,18163.21,INR,363.26,65.39,N,Y,2026-08-16,2026-08-18,setl_84nDWYdMLywVbZ,P5IBUE4A4OPSO31S,Payment for INV-2026-M00095,INV-2026-M00095,pay_uT3suK4fOmZC5K,order_o5HFeympGVRQkX,INV-2026-M00095,netbanking,N,,18163.21,INR,
pay_qYel3DlEvfOyce,payment,0.00,27201.23,27858.69,INR,557.17,100.29,N,Y,2026-08-15,2026-08-17,setl_4NjpFKwPwfr0WC,OOFYDH4FZK7TA93Z,Payment for INV-2026-M00096,INV-2026-M00096,pay_qYel3DlEvfOyce,order_ka0rDLKCkVHUQC,INV-2026-M00096,upi,N,,27858.69,INR,
pay_76CGzk03kUmqb4,payment,0.00,33640.20,34453.30,INR,689.07,124.03,N,Y,2026-08-25,2026-08-27,setl_XUzQc8oPMcFtUm,Z2QK288DHJL2BQWW,Payment for INV-2026-M00097,INV-2026-M00097,pay_76CGzk03kUmqb4,order_8G5bUFvwR5afah,INV-2026-M00097,netbanking,N,,34453.30,INR,
pay_ExreuJZMryl3CU,payment,0.00,35398.27,36253.86,INR,725.08,130.51,N,Y,2026-08-15,2026-08-17,setl_cSt3HFtEnKckc5,3IY9T41JPER5O7JI,Payment for INV-2026-M00098,INV-2026-M00098,pay_ExreuJZMryl3CU,order_uC38uXadp8YMjM,INV-2026-M00098,card,N,,36253.86,INR,
pay_FCfLYOcEQu6Tfg,payment,0.00,15528.44,15903.77,INR,318.08,57.25,N,Y,2026-08-14,2026-08-16,setl_IbHQmDyas2jlx5,CTID56FF7G0DYB68,Payment for INV-2026-M00099,INV-2026-M00099,pay_FCfLYOcEQu6Tfg,order_M0H7puwKlOqXia,INV-2026-M00099,card,N,,15903.77,INR,
pay_kgL1L2pZu3MgtS,payment,0.00,13329.63,13651.82,INR,273.04,49.15,N,Y,2026-08-20,2026-08-22,setl_XO9dMRww99NPsz,QHC09X00SB5P2RBW,Payment for INV-2026-M00100,INV-2026-M00100,pay_kgL1L2pZu3MgtS,order_rn6VPvEr45Y861,INV-2026-M00100,card,N,,13651.82,INR,
pay_8Jb5HCFOu0XXY4,payment,0.00,38378.03,39305.64,INR,786.11,141.50,N,Y,2026-08-09,2026-08-11,setl_AzvKmNuTFsSW3M,JV5JH6N1VJEJHYPU,Payment for INV-2026-M00101,INV-2026-M00101,pay_8Jb5HCFOu0XXY4,order_LuVe4hixxWAybN,INV-2026-M00101,netbanking,N,,39305.64,INR,
pay_Z0Vrfs3AZ9DQ7Q,payment,0.00,28398.94,29085.36,INR,581.71,104.71,N,Y,2026-08-05,2026-08-07,setl_081VX7Jdv78Y2w,RM1SW8H1NGNEJD5S,Payment for INV-2026-M00102,INV-2026-M00102,pay_Z0Vrfs3AZ9DQ7Q,order_V72amjgMfKsD1k,INV-2026-M00102,upi,N,,29085.36,INR,
pay_4zUo8xb3rdfBxL,payment,0.00,14291.69,14637.12,INR,292.74,52.69,N,Y,2026-08-16,2026-08-18,setl_dIIhMi1JzGt6of,O8CQCDBEAKNALGA0,Payment for INV-2026-M00103,INV-2026-M00103,pay_4zUo8xb3rdfBxL,order_9Qbbd2Zi4Owng0,INV-2026-M00103,upi,N,,14637.12,INR,
pay_GHt04u5pNuvrXb,payment,0.00,3842.37,3935.25,INR,78.71,14.17,N,Y,2026-08-09,2026-08-11,setl_dZesA15CfvDpRN,GWFNY9WMA0OS8SVP,Payment for INV-2026-M00104,INV-2026-M00104,pay_GHt04u5pNuvrXb,order_HpAvsFJpzX19u0,INV-2026-M00104,netbanking,N,,3935.25,INR,
pay_kzl3PKTZm4Bx21,payment,0.00,30446.68,31182.59,INR,623.65,112.26,N,Y,2026-08-10,2026-08-12,setl_9zyli9Lba2jtW7,XL0CGWUO7JOOH9LS,Payment for INV-2026-M00105,INV-2026-M00105,pay_kzl3PKTZm4Bx21,order_rSPCocvtkyVCa1,INV-2026-M00105,upi,N,,31182.59,INR,
pay_uKsOyyKjFsxQMi,payment,0.00,24445.92,25036.79,INR,500.74,90.13,N,Y,2026-08-20,2026-08-22,setl_erYatclLA8BQb6,JJU13EMTHJDMF2SL,Payment for INV-2026-M00106,INV-2026-M00106,pay_uKsOyyKjFsxQMi,order_fhdqBMmNm9w5EP,INV-2026-M00106,upi,N,,25036.79,INR,
pay_Ia65WZqL0eAYKF,payment,0.00,27572.78,28239.22,INR,564.78,101.66,N,Y,2026-08-20,2026-08-22,setl_yjkKR56cgXUnYD,RZ7EPLALCBV76IC1,Payment for INV-2026-M00107,INV-2026-M00107,pay_Ia65WZqL0eAYKF,order_hWekLvOFHTCx24,INV-2026-M00107,netbanking,N,,28239.22,INR,
pay_KwczCBy1uJTnG2,payment,0.00,7987.99,8181.06,INR,163.62,29.45,N,Y,2026-08-18,2026-08-20,setl_Vwg3FcP9ZutZ20,Z97W5G2WXLBKBC1K,Payment for INV-2026-M00108,INV-2026-M00108,pay_KwczCBy1uJTnG2,order_qgl8ZtvTbN91dp,INV-2026-M00108,upi,N,,8181.06,INR,
pay_WXGdUmEaSBvtF0,payment,0.00,23506.18,24074.34,INR,481.49,86.67,N,Y,2026-08-13,2026-08-15,setl_a5wAk2xf5jM8cF,TVWRWKXA9Z6YHFBF,Payment for INV-2026-M00109,INV-2026-M00109,pay_WXGdUmEaSBvtF0,order_H1jrC7LnDbWByf,INV-2026-M00109,upi,N,,24074.34,INR,
pay_TRA0W52j2M2ESz,payment,0.00,38627.20,39560.84,INR,791.22,142.42,N,Y,2026-08-13,2026-08-15,setl_LnudShWNnMLl8c,X46M3161ZE00MAEY,Payment for INV-2026-M00110,INV-2026-M00110,pay_TRA0W52j2M2ESz,order_xNOF2YFB0zVabu,INV-2026-M00110,upi,N,,39560.84,INR,
pay_BdMkMvRcmLdCi1,payment,0.00,21653.89,22177.28,INR,443.55,79.84,N,Y,2026-08-20,2026-08-22,setl_mVqeppiOeKQAko,GRLEYWHVHFAZDO0H,Payment for INV-2026-M00111,INV-2026-M00111,pay_BdMkMvRcmLdCi1,order_ZPNkZcR70meqmH,INV-2026-M00111,upi,N,,22177.28,INR,
pay_vsfEAfRketRw30,payment,0.00,26827.58,27476.01,INR,549.52,98.91,N,Y,2026-08-18,2026-08-20,setl_sspYKrhPXlqoe9,8DOVFEVITMFW6QIS,Payment for INV-2026-M00112,INV-2026-M00112,pay_vsfEAfRketRw30,order_oU6rZ48dDt0EJ3,INV-2026-M00112,upi,N,,27476.01,INR,
pay_CUYVFCxET9mZIm,payment,0.00,12429.66,12730.09,INR,254.60,45.83,N,Y,2026-08-23,2026-08-25,setl_oUF45kZ2wjQ2eP,U08L5XOZF9ZHZKSX,Payment for INV-2026-M00113,INV-2026-M00113,pay_CUYVFCxET9mZIm,order_6IOuK9nOIvpDps,INV-2026-M00113,card,N,,12730.09,INR,
pay_dilrgq8zbNcSnT,payment,0.00,17265.70,17683.02,INR,353.66,63.66,N,Y,2026-08-10,2026-08-12,setl_OEhRnWa11JwSXE,0T0PSOVFHYG175S0,Payment for INV-2026-M00114,INV-2026-M00114,pay_dilrgq8zbNcSnT,order_pA5QqN8AixzM6c,INV-2026-M00114,upi,N,,17683.02,INR,
pay_HaavnLBvoAHcGM,payment,0.00,39088.43,40033.21,INR,800.66,144.12,N,Y,2026-08-22,2026-08-24,setl_SvmzeHQQwSgUcy,NWZZMSJMXJI9UJD9,Payment for INV-2026-M00115,INV-2026-M00115,pay_HaavnLBvoAHcGM,order_UD4f9rkwx6GJ4z,INV-2026-M00115,netbanking,N,,40033.21,INR,
pay_SzibLetDKCkPLK,payment,0.00,39088.43,40033.21,INR,800.66,144.12,N,Y,2026-08-12,2026-08-14,setl_M2zJG57PnXPdwr,B3LQHOOV2S8SE7GG,Payment for INV-2026-M00116,INV-2026-M00116,pay_SzibLetDKCkPLK,order_0fCvYWvNnUGZK0,INV-2026-M00116,netbanking,N,,40033.21,INR,
pay_0lckOAvZHyhg1j,payment,0.00,8305.18,8505.92,INR,170.12,30.62,N,Y,2026-08-04,2026-08-06,setl_Ma8WN5AEpmWMOh,1S2KZY5BXDWTIM97,Payment for INV-2026-M00117,INV-2026-M00117,pay_0lckOAvZHyhg1j,order_RR5xwHMztXYY5t,INV-2026-M00117,card,N,,8505.92,INR,
pay_eb6mtLkvdMrJwI,payment,0.00,23033.33,23590.05,INR,471.80,84.92,N,Y,2026-08-12,2026-08-14,setl_Y4FmAGYoW09GvP,I0JYZ106NX5JC955,Payment for INV-2026-M00118,INV-2026-M00118,pay_eb6mtLkvdMrJwI,order_XUrhVIQgUVZtXG,INV-2026-M00118,upi,N,,23590.05,INR,
pay_rD80PQzqncw2xU,payment,0.00,1150353.75,12519.81,EUR,35777.12,6439.88,N,Y,2026-08-26,2026-08-28,setl_mG35MznjV3qOug,KE347S7RU1M3TQ0S,Payment for INV-2026-M00119,INV-2026-M00119,pay_rD80PQzqncw2xU,order_HuO14wGFXShvbo,INV-2026-M00119,card,Y,95.2547,1192570.75,INR,
pay_Xe5Vf7nd6KDZhY,payment,0.00,35942.71,36811.46,INR,736.23,132.52,N,Y,2026-08-08,2026-08-10,setl_fLjhe0q6AecFEM,R7Y6RHSP0TK1PVII,Payment for INV-2026-M00120,INV-2026-M00120,pay_Xe5Vf7nd6KDZhY,order_MevHjjUosnh7ln,INV-2026-M00120,netbanking,N,,36811.46,INR,
pay_EnGpfDF0mdQ5b9,payment,0.00,25112.43,25719.41,INR,514.39,92.59,N,Y,2026-08-17,2026-08-19,setl_nYYRErZgN6lxZ7,9M1EPBGW2CI5FOAB,Payment for INV-2026-M00121,INV-2026-M00121,pay_EnGpfDF0mdQ5b9,order_Jg0dBwjHz8oiOm,INV-2026-M00121,card,N,,25719.41,INR,
pay_iXIL4tBim0z5xV,payment,0.00,26914.74,27565.29,INR,551.31,99.24,N,Y,2026-08-09,2026-08-11,setl_liTKwt02mmbkkq,07RORF0ZWOKDEJJ4,Payment for INV-2026-M00122,INV-2026-M00122,pay_iXIL4tBim0z5xV,order_TdN323DOiauOFF,INV-2026-M00122,upi,N,,27565.29,INR,
pay_1ZgLvXCSVtQAAt,payment,0.00,13439.29,13764.12,INR,275.28,49.55,N,Y,2026-08-21,2026-08-23,setl_nTxhEHqDgPL4Z1,OGCZDVDS27IN3HUF,Payment for INV-2026-M00123,INV-2026-M00123,pay_1ZgLvXCSVtQAAt,order_BKr5JSRQnfVPVp,INV-2026-M00123,card,N,,13764.12,INR,
pay_obo8tsnAzkLgg0,payment,0.00,12193.04,12487.76,INR,249.76,44.96,N,Y,2026-08-15,2026-08-17,setl_iJY3YBMB5ng5Gl,DETTJI9TBKHJOQYL,Payment for INV-2026-M00124,INV-2026-M00124,pay_obo8tsnAzkLgg0,order_o2Onh5j6am3sVB,INV-2026-M00124,netbanking,N,,12487.76,INR,
pay_qBQk5U0iYFu0h1,payment,0.00,11667.23,11949.23,INR,238.98,43.02,N,Y,2026-08-05,2026-08-07,setl_xrSyFjsE2ewGfq,UZ6DSGAR562F0R33,Payment for INV-2026-M00125,INV-2026-M00125,pay_qBQk5U0iYFu0h1,order_V6j6vQouNI2RSb,INV-2026-M00125,upi,N,,11949.23,INR,
pay_Dln6xfZOwMLJrH,payment,0.00,32107.16,32883.20,INR,657.66,118.38,N,Y,2026-08-11,2026-08-13,setl_54zNJMlW1uAMMY,ZG47CI14BU2ORU2N,Payment for INV-2026-M00126,INV-2026-M00126,pay_Dln6xfZOwMLJrH,order_fUXfk2IJV1ZxT1,INV-2026-M00126,netbanking,N,,32883.20,INR,
pay_wiYdXJdqg33j8F,payment,0.00,32107.17,32883.21,INR,657.66,118.38,N,Y,2026-08-02,2026-08-04,setl_GX4BJ8l9DZXDF3,N5B4K1QUN55XQW2T,Payment for INV-2026-M00127,INV-2026-M00127,pay_wiYdXJdqg33j8F,order_fcJ1x6Ms8IQyJ8,INV-2026-M00127,netbanking,N,,32883.21,INR,
pay_3nbeoluhWOS10O,payment,0.00,1937659.84,29934.60,SGD,60263.11,10847.36,N,Y,2026-08-25,2026-08-27,setl_Qcnm0g1Kjyxrdd,RKUO65YEZP5H3U9R,Payment for INV-2026-M00128,INV-2026-M00128,pay_3nbeoluhWOS10O,order_ekgdmvWUisJh8N,INV-2026-M00128,card,Y,67.1053,2008770.31,INR,
pay_k6jDt8poKONfPr,payment,0.00,37830.23,38744.60,INR,774.89,139.48,N,Y,2026-08-04,2026-08-06,setl_IFXz5wTy1pXI2g,HS9895ABL2A40F0K,Payment for INV-2026-M00129,INV-2026-M00129,pay_k6jDt8poKONfPr,order_AY4YNqyVg7OmS9,INV-2026-M00129,netbanking,N,,38744.60,INR,
pay_1X5dYW2ugBekII,payment,0.00,1188442.05,51750.57,AED,36961.71,6653.11,N,Y,2026-08-23,2026-08-25,setl_7domftY4F1WkFm,7AN4F4HPN5QI4L06,Payment for INV-2026-M00130,INV-2026-M00130,pay_1X5dYW2ugBekII,order_EpH4hgvDRC6JEb,INV-2026-M00130,card,Y,23.8076,1232056.87,INR,
rfnd_mJ6F2K9Rrc6DWK,refund,1226700.69,0.00,51750.57,AED,0.00,0.00,N,Y,2026-08-26,2026-08-27,setl_7domftY4F1WkFm,7AN4F4HPN5QI4L06,Refund against INV-2026-M00130,INV-2026-M00130,pay_1X5dYW2ugBekII,order_EpH4hgvDRC6JEb,INV-2026-M00130,card,Y,23.7041,1226700.69,INR,rfnd_mJ6F2K9Rrc6DWK
pay_vFrT3zqHRA0jrL,payment,0.00,31373.65,32131.97,INR,642.64,115.68,N,Y,2026-08-03,2026-08-05,setl_3D2lx1ZZUD6T3s,X2VBID4W8VU8XBUJ,Payment for INV-2026-M00131,INV-2026-M00131,pay_vFrT3zqHRA0jrL,order_CjVrBrMlpunNd5,INV-2026-M00131,upi,N,,32131.97,INR,
pay_3X1GJVW7RuBg2M,payment,0.00,14340.86,14687.49,INR,293.75,52.88,N,Y,2026-08-23,2026-08-25,setl_uMD0WxW6Wfm7jM,4AJAFXRQ3ZCSYRDN,Payment for INV-2026-M00132,INV-2026-M00132,pay_3X1GJVW7RuBg2M,order_jK74DOnDnNz2C0,INV-2026-M00132,card,N,,14687.49,INR,
pay_bVr09fq5vqs3L5,payment,0.00,2384166.37,26849.97,EUR,74149.90,13346.98,N,Y,2026-08-07,2026-08-09,setl_qd6So3GAbBE0xM,CFPVU7WYEP9SGE8D,Payment for INV-2026-M00133,INV-2026-M00133,pay_bVr09fq5vqs3L5,order_a0PPOjQB8NTfHW,INV-2026-M00133,card,Y,92.0546,2471663.25,INR,
pay_f5jU9mOb9IOTbj,payment,0.00,38079.29,38999.68,INR,779.99,140.40,N,Y,2026-08-10,2026-08-12,setl_NFqhj8x2c1UXH5,TQ9A67VGLENABMLP,Payment for INV-2026-M00134,INV-2026-M00134,pay_f5jU9mOb9IOTbj,order_MyVdy5H4dleEyS,INV-2026-M00134,netbanking,N,,38999.68,INR,
pay_Ws1ZgLIVWKPkOK,payment,0.00,12004.24,12294.39,INR,245.89,44.26,N,Y,2026-08-25,2026-08-27,setl_FEcxCC8DnfiqRq,AHR1S9FSZI8UFMS0,Payment for INV-2026-M00135,INV-2026-M00135,pay_Ws1ZgLIVWKPkOK,order_z2hTyHx2ewXCXc,INV-2026-M00135,upi,N,,12294.39,INR,
pay_nPBc9eKPrGtAPG,payment,0.00,1261.11,1291.59,INR,25.83,4.65,N,Y,2026-08-05,2026-08-07,setl_dRkglwBdmR9U0E,C7HU8WOICKRY1VXS,Payment for INV-2026-M00136,INV-2026-M00136,pay_nPBc9eKPrGtAPG,order_4oYUwIBuuJHFmb,INV-2026-M00136,card,N,,1291.59,INR,
pay_FAdGhyjZ4FxD0c,payment,0.00,19099.88,19561.53,INR,391.23,70.42,N,Y,2026-08-18,2026-08-20,setl_aoncu5p7pohU4F,FVCEIFHTTLVR050J,Payment for INV-2026-M00137,INV-2026-M00137,pay_FAdGhyjZ4FxD0c,order_g4YzbL5ZlYx81z,INV-2026-M00137,netbanking,N,,19561.53,INR,
pay_2H7knFrzW3B4p9,payment,0.00,7592.86,7776.39,INR,155.53,28.00,N,Y,2026-08-17,2026-08-19,setl_sZpWFIVTGP95DC,M8PGVG121MB6SK08,Payment for INV-2026-M00138,INV-2026-M00138,pay_2H7knFrzW3B4p9,order_w6hqAJw0MKLhWt,INV-2026-M00138,netbanking,N,,7776.39,INR,
pay_7RmlVuaIF95aXO,payment,0.00,29974.30,30698.80,INR,613.98,110.52,N,Y,2026-08-10,2026-08-12,setl_cF7wjm7iK2GNj0,O2GW9Y3DH0RVIGPA,Payment for INV-2026-M00139,INV-2026-M00139,pay_7RmlVuaIF95aXO,order_QhX2ZBQWpUDmQF,INV-2026-M00139,upi,N,,30698.80,INR,
pay_20csUGBHvPBSwX,payment,0.00,28092.61,28771.62,INR,575.43,103.58,N,Y,2026-08-17,2026-08-19,setl_etucbqUBvcS9As,J6VD0V0VFPUBGDNT,Payment for INV-2026-M00140,INV-2026-M00140,pay_20csUGBHvPBSwX,order_9bcATl9woVYPWg,INV-2026-M00140,upi,N,,28771.62,INR,
pay_mz7kl3K9cNOE8U,payment,0.00,29033.44,29735.19,INR,594.70,107.05,N,Y,2026-08-22,2026-08-24,setl_Y7zKxMFIS0tZdX,00T7NCXD77ZYOFIC,Payment for INV-2026-M00141,INV-2026-M00141,pay_mz7kl3K9cNOE8U,order_hv26Ph2MIVl9Wk,INV-2026-M00141,netbanking,N,,29735.19,INR,
pay_H3Alaw5JUZ0zv2,payment,0.00,29033.44,29735.19,INR,594.70,107.05,N,Y,2026-08-03,2026-08-05,setl_NLXg1Lac3H4lUW,YLUC88XR1RFECEBC,Payment for INV-2026-M00142,INV-2026-M00142,pay_H3Alaw5JUZ0zv2,order_EwNcEp7ceulxZS,INV-2026-M00142,netbanking,N,,29735.19,INR,
pay_dyL496HzsgbMbR,payment,0.00,1571796.03,18680.93,USD,48884.39,8799.19,N,Y,2026-08-17,2026-08-19,setl_QoZ8EzFHlZmlQf,MXW85U76MO4M3SBW,Payment for INV-2026-M00143,INV-2026-M00143,pay_dyL496HzsgbMbR,order_LKQuMErVYc2JLY,INV-2026-M00143,card,Y,87.2269,1629479.61,INR,
pay_Q43CxSCjL7eXuS,payment,0.00,32744.41,33535.86,INR,670.72,120.73,N,Y,2026-08-10,2026-08-12,setl_ggGf0x5I5BArtI,QITO4F7YBMMBN9PI,Payment for INV-2026-M00144,INV-2026-M00144,pay_Q43CxSCjL7eXuS,order_Vu8vzOTCTAhOGS,INV-2026-M00144,card,N,,33535.86,INR,
pay_i6YFcNwjmRhXop,payment,0.00,27674.30,28343.19,INR,566.86,102.03,N,Y,2026-08-16,2026-08-18,setl_okK8kB8JwfOosI,0ZVO44VXB83903MG,Payment for INV-2026-M00145,INV-2026-M00145,pay_i6YFcNwjmRhXop,order_ElU29n7gJbdLyb,INV-2026-M00145,upi,N,,28343.19,INR,
pay_XCbD3lQhMHLQvW,payment,0.00,36079.10,36951.14,INR,739.02,133.02,N,Y,2026-08-07,2026-08-09,setl_VbGb8AHmsQ9n0H,LGYS7R9UNSR76QM6,Payment for INV-2026-M00146,INV-2026-M00146,pay_XCbD3lQhMHLQvW,order_fgRCAC4NviWptN,INV-2026-M00146,card,N,,36951.14,INR,
pay_TqDv0LlJxwRqVR,payment,0.00,6656.66,6817.55,INR,136.35,24.54,N,Y,2026-08-08,2026-08-10,setl_z5jujasOezQus5,JVWBTIP3HG5JYZL6,Payment for INV-2026-M00147,INV-2026-M00147,pay_TqDv0LlJxwRqVR,order_TDKkKdJYYKKP06,INV-2026-M00147,card,N,,6817.55,INR,
pay_BEHWimsHEiL2ae,payment,0.00,35205.04,36055.96,INR,721.12,129.80,N,Y,2026-08-18,2026-08-20,setl_UNXP4Tte6SPphz,KL12JV6RBC697SII,Payment for INV-2026-M00148,INV-2026-M00148,pay_BEHWimsHEiL2ae,order_VXXjYhr5mhaH5K,INV-2026-M00148,netbanking,N,,36055.96,INR,
pay_XNfFGVHuXU7Vv2,payment,0.00,35205.05,36055.97,INR,721.12,129.80,N,Y,2026-08-06,2026-08-08,setl_6e2Hvrm8R1V1Tl,1VDKXDPQSCWN9I74,Payment for INV-2026-M00149,INV-2026-M00149,pay_XNfFGVHuXU7Vv2,order_lMqLKQzfCTZz8I,INV-2026-M00149,upi,N,,36055.97,INR,
pay_EDS13tYjKMbRIt,payment,0.00,5404167.66,58784.11,EUR,168074.88,30253.48,N,Y,2026-08-26,2026-08-28,setl_Sbe137GZq81U5L,6IEMT9NT4DMPYVBP,Payment for INV-2026-M00150,INV-2026-M00150,pay_EDS13tYjKMbRIt,order_dlgQwAWyrl8lUn,INV-2026-M00150,card,Y,95.3063,5602496.02,INR,
pay_ALFNRZreAY49mE,payment,0.00,32893.18,33688.22,INR,673.76,121.28,N,Y,2026-08-25,2026-08-27,setl_eJregbIkv9fjLU,D8KOSNRBM97IITBK,Payment for INV-2026-M00151,INV-2026-M00151,pay_ALFNRZreAY49mE,order_sJwog4WezMzPxa,INV-2026-M00151,upi,N,,33688.22,INR,
pay_PLXQG32zjwqkya,payment,0.00,1576827.10,17207.79,EUR,49040.86,8827.35,N,Y,2026-08-23,2026-08-25,setl_cNIiMmrpp8K8IT,J2SR8QOIBM0PD8M6,Payment for INV-2026-M00152,INV-2026-M00152,pay_PLXQG32zjwqkya,order_BmWBhX4kymIfVq,INV-2026-M00152,card,Y,94.9974,1634695.31,INR,
pay_Pgfgb7jZv7m73o,payment,0.00,35581.55,36441.57,INR,728.83,131.19,N,Y,2026-08-24,2026-08-26,setl_cjWAwYibpssgfn,PQAUDVO9MF0KXIYH,Payment for INV-2026-M00153,INV-2026-M00153,pay_Pgfgb7jZv7m73o,order_GaeelfrqMjdkyR,INV-2026-M00153,card,N,,36441.57,INR,
pay_f64QLrFQWR7KWF,payment,0.00,921394.42,10951.14,USD,28656.26,5158.13,N,Y,2026-08-17,2026-08-19,setl_lwIfx6xBOdcFTb,GJE42CXQ1JARZKCY,Payment for INV-2026-M00154,INV-2026-M00154,pay_f64QLrFQWR7KWF,order_HcH8viSqh3nNIu,INV-2026-M00154,card,Y,87.2246,955208.81,INR,
pay_dmbEjO9RgLKN0Q,payment,0.00,9256.20,9479.93,INR,189.60,34.13,N,Y,2026-08-02,2026-08-04,setl_6EDoRZQqT4eMgU,V1M7PF6RUOOF2MAQ,Payment for INV-2026-M00155,INV-2026-M00155,pay_dmbEjO9RgLKN0Q,order_6yP9xNSxazhftf,INV-2026-M00155,netbanking,N,,9479.93,INR,
pay_dQEMH9VtUJZ74J,payment,0.00,36079.08,36951.12,INR,739.02,133.02,N,Y,2026-08-12,2026-08-14,setl_71j23pyDw8WFdl,31X29RP6FT9IZWG0,Payment for INV-2026-M00156,INV-2026-M00156,pay_dQEMH9VtUJZ74J,order_wqxcAfI6RSb5Ls,INV-2026-M00156,upi,N,,36951.12,INR,
pay_FVmlD13BK224BI,payment,0.00,2944.13,3015.30,INR,60.31,10.86,N,Y,2026-08-02,2026-08-04,setl_hKsWqeiUzWkwUi,NVV59ABG3LBMND8R,Payment for INV-2026-M00157,INV-2026-M00157,pay_FVmlD13BK224BI,order_IK9acXLKa9XIqa,INV-2026-M00157,upi,N,,3015.30,INR,
pay_jIE0Z6K1sQiSac,payment,0.00,4850971.96,52585.17,EUR,150869.96,27156.59,N,Y,2026-08-14,2026-08-16,setl_Fr3KjerAvwdK47,SE56FUIET3OZX22Z,Payment for INV-2026-M00158,INV-2026-M00158,pay_jIE0Z6K1sQiSac,order_GVy23NYUKENzVo,INV-2026-M00158,card,Y,95.6353,5028998.51,INR,
pay_Qnhtr1CtC11dlL,payment,0.00,38408.10,39336.44,INR,786.73,141.61,N,Y,2026-08-25,2026-08-27,setl_7rvmHiFTTJXgr8,4SX6MFWJGCJZN40S,Payment for INV-2026-M00159,INV-2026-M00159,pay_Qnhtr1CtC11dlL,order_uFXxkcG0Fe9pbg,INV-2026-M00159,upi,N,,39336.44,INR,
pay_nRmaA3qGQaON8T,payment,0.00,2893811.71,31408.05,EUR,90000.36,16200.06,N,Y,2026-08-08,2026-08-10,setl_y8LZU5fxlgUuxn,LJFJE5X1XL7AL0VV,Payment for INV-2026-M00160,INV-2026-M00160,pay_nRmaA3qGQaON8T,order_uPfzfK648mhXeI,INV-2026-M00160,card,Y,95.5173,3000012.13,INR,
pay_59XhOoF9bFYjm4,payment,0.00,35540.03,36399.05,INR,727.98,131.04,N,Y,2026-08-05,2026-08-07,setl_1oJVbZTHfvpvBQ,OQUNYYCQACABUVWA,Payment for INV-2026-M00161,INV-2026-M00161,pay_59XhOoF9bFYjm4,order_ZXTnQBmfadSHDW,INV-2026-M00161,card,N,,36399.05,INR,
pay_TSHbgJg81mfofp,payment,0.00,38997.74,39940.34,INR,798.81,143.79,N,Y,2026-08-04,2026-08-06,setl_6BtYSGCHTpAyql,9ACR7ZVPITO8SJXU,Payment for INV-2026-M00162,INV-2026-M00162,pay_TSHbgJg81mfofp,order_QSVGQHWDq0Ln5x,INV-2026-M00162,upi,N,,39940.34,INR,
pay_NAogGyq3LPGOgm,payment,0.00,2503.47,2563.98,INR,51.28,9.23,N,Y,2026-08-09,2026-08-11,setl_TpXzT3q10QvZof,YDA1MI9K0AEOIO0E,Payment for INV-2026-M00163,INV-2026-M00163,pay_NAogGyq3LPGOgm,order_KTpEAJ3hdknLBt,INV-2026-M00163,card,N,,2563.98,INR,
pay_fFzjPpsT4gFcik,payment,0.00,4183.55,4284.66,INR,85.69,15.42,N,Y,2026-08-10,2026-08-12,setl_gqd4BTavtde07x,NFYIVHF7YXTIGG9C,Payment for INV-2026-M00164,INV-2026-M00164,pay_fFzjPpsT4gFcik,order_yTzDLJE0agVM9u,INV-2026-M00164,upi,N,,4284.66,INR,
pay_CazgzpGjKVNYtD,payment,0.00,22842.36,23394.47,INR,467.89,84.22,N,Y,2026-08-14,2026-08-16,setl_UVInobI1tgkFTA,RMFLCOJTXN3B8EB8,Payment for INV-2026-M00165,INV-2026-M00165,pay_CazgzpGjKVNYtD,order_RtvDzmh9sC8eva,INV-2026-M00165,card,N,,23394.47,INR,
pay_AH1tsWozesdumB,payment,0.00,22842.37,23394.48,INR,467.89,84.22,N,Y,2026-08-25,2026-08-27,setl_sf92SHAEXFvxCz,ERF45TV2ZIJWHMFB,Payment for INV-2026-M00166,INV-2026-M00166,pay_AH1tsWozesdumB,order_0x8B7qvMAXJZq7,INV-2026-M00166,upi,N,,23394.48,INR,
pay_u8GSTefzz6hT4Y,payment,0.00,24273.12,24859.82,INR,497.20,89.50,N,Y,2026-08-23,2026-08-25,setl_0oIEKdtNmw2U8a,14Z6JKMLIJMG4TPI,Payment for INV-2026-M00167,INV-2026-M00167,pay_u8GSTefzz6hT4Y,order_yl2O9UuBIVF4Q1,INV-2026-M00167,upi,N,,24859.82,INR,
pay_bhy4T3n8ojJvEA,payment,0.00,26560.74,27202.72,INR,544.05,97.93,N,Y,2026-08-25,2026-08-27,setl_qAtjDFnr7C7RS1,0GXATFS8I336TI4K,Payment for INV-2026-M00168,INV-2026-M00168,pay_bhy4T3n8ojJvEA,order_sTXhBt3hcBPzV2,INV-2026-M00168,card,N,,27202.72,INR,
pay_LF5u56oV7f343J,payment,0.00,34247.56,35075.34,INR,701.51,126.27,N,Y,2026-08-11,2026-08-13,setl_xbvTKx7lvnzYRV,ZSNCQLQIEQCJ4H55,Payment for INV-2026-M00169,INV-2026-M00169,pay_LF5u56oV7f343J,order_6cVW7fXMETygH7,INV-2026-M00169,upi,N,,35075.34,INR,
pay_AHPexp9TD22rZI,payment,0.00,14977.48,15339.49,INR,306.79,55.22,N,Y,2026-08-02,2026-08-04,setl_xjHE7SVZkZ7Gfn,E3VZD30002DENL84,Payment for INV-2026-M00170,INV-2026-M00170,pay_AHPexp9TD22rZI,order_aswqR0xX0mZYaa,INV-2026-M00170,netbanking,N,,15339.49,INR,
pay_Q9QhRxzX9RyWdf,payment,0.00,18539.61,18987.72,INR,379.75,68.36,N,Y,2026-08-18,2026-08-20,setl_J7BdxfUUevCYaG,7W2TFMOLHA2FT5F9,Payment for INV-2026-M00171,INV-2026-M00171,pay_Q9QhRxzX9RyWdf,order_fLkgTo0Zz9ngP0,INV-2026-M00171,card,N,,18987.72,INR,
pay_Dwnv7drKapC0vt,payment,0.00,2199423.12,26166.64,USD,68404.20,12312.76,N,Y,2026-08-16,2026-08-18,setl_6q794kjf4Q9zeH,YZ30USRGKQDNNSCG,Payment for INV-2026-M00172,INV-2026-M00172,pay_Dwnv7drKapC0vt,order_tT1G2G4SCllOY0,INV-2026-M00172,card,Y,87.1392,2280140.08,INR,
pay_rtjdpiB3tym40x,payment,0.00,11348.00,11622.29,INR,232.45,41.84,N,Y,2026-08-17,2026-08-19,setl_KZCFziwfQfKL5f,LGPQTD081N8N1M0H,Payment for INV-2026-M00173,INV-2026-M00173,pay_rtjdpiB3tym40x,order_Lt6V1l5VRz1ttz,INV-2026-M00173,card,N,,11622.29,INR,
pay_tzXeQyoHj1x0AF,payment,0.00,20313.51,20804.50,INR,416.09,74.90,N,Y,2026-08-13,2026-08-15,setl_LRQCmjqnJdTJDT,7O9UGB6QGMGW6U53,Payment for INV-2026-M00174,INV-2026-M00174,pay_tzXeQyoHj1x0AF,order_hcWOCJ14eIcDrR,INV-2026-M00174,upi,N,,20804.50,INR,
pay_ojAojGaLpbA5wa,payment,0.00,22572.13,23117.70,INR,462.35,83.22,N,Y,2026-08-15,2026-08-17,setl_0iY4zjazuXKFvZ,R7HMJ5MCLHCALECE,Payment for INV-2026-M00175,INV-2026-M00175,pay_ojAojGaLpbA5wa,order_L6FFaiTJbCFMrH,INV-2026-M00175,upi,N,,23117.70,INR,
pay_FR2oGiBTrqW8Gd,payment,0.00,13909.03,14245.21,INR,284.90,51.28,N,Y,2026-08-15,2026-08-17,setl_oc6LYqnTtKOt4E,TRQAB5R9K9144PUW,Payment for INV-2026-M00176,INV-2026-M00176,pay_FR2oGiBTrqW8Gd,order_YbsvII7xPcPMcm,INV-2026-M00176,netbanking,N,,14245.21,INR,
pay_1gZVJ9cxgvHYNm,payment,0.00,1478669.26,17578.04,USD,45988.06,8277.85,N,Y,2026-08-24,2026-08-26,setl_4vUVz523OTJ39N,WUYP74MHA75V0783,Payment for INV-2026-M00177,INV-2026-M00177,pay_1gZVJ9cxgvHYNm,order_RakvdUmLh9e4e6,INV-2026-M00177,card,Y,87.2074,1532935.17,INR,
pay_b8kd85FMSmMvkX,payment,0.00,26898.99,27549.15,INR,550.98,99.18,N,Y,2026-08-13,2026-08-15,setl_q1ioiImVF2C4pn,WQLUDP7TUXZSB8BQ,Payment for INV-2026-M00178,INV-2026-M00178,pay_b8kd85FMSmMvkX,order_sZiihqls9fkYvA,INV-2026-M00178,netbanking,N,,27549.15,INR,
pay_vehj0jKlhYExLH,payment,0.00,29722.86,30441.28,INR,608.83,109.59,N,Y,2026-08-04,2026-08-06,setl_nrT7LDjobyrh4d,BFUOYPPDYMMKUEMS,Payment for INV-2026-M00179,INV-2026-M00179,pay_vehj0jKlhYExLH,order_rWa8dVRyq5XFVD,INV-2026-M00179,card,N,,30441.28,INR,
pay_qYA95Gx9nJXzpS,payment,0.00,24744.00,25342.07,INR,506.84,91.23,N,Y,2026-08-07,2026-08-09,setl_JnbPvaRPTWCofa,7XWYT2FZUBIISR1V,Payment for INV-2026-M00180,INV-2026-M00180,pay_qYA95Gx9nJXzpS,order_iOYbK8jlBZ2r8i,INV-2026-M00180,card,N,,25342.07,INR,
pay_6jMvPVmkdENK7R,payment,0.00,16685.86,17089.16,INR,341.78,61.52,N,Y,2026-08-10,2026-08-12,setl_V0a8EVzlaYRn3O,32VT456HLF2QJK7O,Payment for INV-2026-M00181,INV-2026-M00181,pay_6jMvPVmkdENK7R,order_D5OlUzNLa9X9s2,INV-2026-M00181,netbanking,N,,17089.16,INR,
pay_vLihTEJedkD4gW,payment,0.00,2757.62,2824.28,INR,56.49,10.17,N,Y,2026-08-17,2026-08-19,setl_kb2ILa0GZqvksK,2Z89TUS5A0RVXV3E,Payment for INV-2026-M00182,INV-2026-M00182,pay_vLihTEJedkD4gW,order_yyterLj4EOocX3,INV-2026-M00182,card,N,,2824.28,INR,
pay_p5RPYqdf1byF7f,payment,0.00,17352.59,17772.01,INR,355.44,63.98,N,Y,2026-08-25,2026-08-27,setl_Ci6arTCUTUY779,IBZ4D2NQUR0ZU7MC,Payment for INV-2026-M00183,INV-2026-M00183,pay_p5RPYqdf1byF7f,order_yhakjLWcCw8y2q,INV-2026-M00183,card,N,,17772.01,INR,
pay_SBOwclAQ9pgqz8,payment,0.00,2322.82,2378.96,INR,47.58,8.56,N,Y,2026-08-06,2026-08-08,setl_5WgL70r12BRUby,CQCYEYQ13EP11P1H,Payment for INV-2026-M00184,INV-2026-M00184,pay_SBOwclAQ9pgqz8,order_vM43E1isCYSRM9,INV-2026-M00184,upi,N,,2378.96,INR,
pay_ZHRtR79jT8vwir,payment,0.00,14716.80,15072.51,INR,301.45,54.26,N,Y,2026-08-13,2026-08-15,setl_OUsT3vQGQ6KCuU,6EYOSLAENYRJF1ZO,Payment for INV-2026-M00185,INV-2026-M00185,pay_ZHRtR79jT8vwir,order_Oj1nOFOnOn8C43,INV-2026-M00185,upi,N,,15072.51,INR,
pay_I85TbkBOi3sqGG,payment,0.00,35205.51,36056.44,INR,721.13,129.80,N,Y,2026-08-17,2026-08-19,setl_PWxT2DvQiSvmIi,W49Y1017D1K98Q20,Payment for INV-2026-M00186,INV-2026-M00186,pay_I85TbkBOi3sqGG,order_fDLZVouYAE79Dl,INV-2026-M00186,card,N,,36056.44,INR,
pay_1ybbqpDG17BWVY,payment,0.00,36436.16,37316.84,INR,746.34,134.34,N,Y,2026-08-16,2026-08-18,setl_p297bVVsTgalkO,H7FSTVRGR3EN0VCI,Payment for INV-2026-M00187,INV-2026-M00187,pay_1ybbqpDG17BWVY,order_HtRGHDgJHO5baW,INV-2026-M00187,card,N,,37316.84,INR,
pay_lejP4GLCYNu6sM,payment,0.00,17064.18,17476.63,INR,349.53,62.92,N,Y,2026-08-13,2026-08-15,setl_YikqmQCRlihWrI,XNOZC0B1CWAQU6NH,Payment for INV-2026-M00188,INV-2026-M00188,pay_lejP4GLCYNu6sM,order_WICGPzIsJTVrSc,INV-2026-M00188,card,N,,17476.63,INR,
pay_oOPDqK4HoX1A5a,payment,0.00,51711.31,52961.19,INR,1059.22,190.66,N,Y,2026-08-06,2026-08-08,setl_qTqMGrMO5xByj0,HFPZQTSAZ39IOM3V,Payment for INV-2026-M00189,INV-2026-M00189,pay_oOPDqK4HoX1A5a,order_dOpUdaQGUvSjYV,INV-2026-M00189,card,N,,52961.19,INR,
pay_xyI6eMy2haSJzI,payment,0.00,51711.31,52961.19,INR,1059.22,190.66,N,Y,2026-08-13,2026-08-15,setl_mzRZAuGr2bQXAX,89S6XOE0U93HL472,Payment for INV-2026-M00190,INV-2026-M00190,pay_xyI6eMy2haSJzI,order_2xNqehzWtSAf4W,INV-2026-M00190,card,N,,52961.19,INR,
pay_pogTQo7MoSOYaq,payment,0.00,36229.79,37105.48,INR,742.11,133.58,N,Y,2026-08-15,2026-08-17,setl_8IK3t8wna1ffgt,KUDCV7ORFM5KK23P,Payment for INV-2026-M00191,INV-2026-M00191,pay_pogTQo7MoSOYaq,order_uwkz75Tn62edNS,INV-2026-M00191,upi,N,,37105.48,INR,
pay_QAK05XTmucqqSh,payment,0.00,27978.22,28654.47,INR,573.09,103.16,N,Y,2026-08-16,2026-08-18,setl_en4KmvW3tnNiw4,8H3SIZQP7RX0L9UA,Payment for INV-2026-M00192,INV-2026-M00192,pay_QAK05XTmucqqSh,order_q0gg5Ew0sTMZcc,INV-2026-M00192,card,N,,28654.47,INR,
pay_wINlWDpbxIEyH0,payment,0.00,14579.79,14932.19,INR,298.64,53.76,N,Y,2026-08-12,2026-08-14,setl_7vD63F0deeYyYI,SHRQI7WPHWQNWD6N,Payment for INV-2026-M00193,INV-2026-M00193,pay_wINlWDpbxIEyH0,order_LpH1eh7h8CZWTF,INV-2026-M00193,netbanking,N,,14932.19,INR,
pay_V9OXWH6a3Gs88y,payment,0.00,23665.33,24237.34,INR,484.75,87.26,N,Y,2026-08-25,2026-08-27,setl_yJYuVqMUIPRaqe,6WZ0TSJ4VADH7Y1H,Payment for INV-2026-M00194,INV-2026-M00194,pay_V9OXWH6a3Gs88y,order_L8CzNfcF9t2vb1,INV-2026-M00194,netbanking,N,,24237.34,INR,
pay_A3JpfL0EOJwSOh,payment,0.00,6111.15,6258.86,INR,125.18,22.53,N,Y,2026-08-10,2026-08-12,setl_HDz8SNQ9wC5Npy,0HBUWSFJWXSMNCSE,Payment for INV-2026-M00195,INV-2026-M00195,pay_A3JpfL0EOJwSOh,order_qU3nAZuEh6dPAB,INV-2026-M00195,upi,N,,6258.86,INR,
pay_XcofyA2enYNv6I,payment,0.00,36509.46,37391.91,INR,747.84,134.61,N,Y,2026-08-05,2026-08-07,setl_PzbJHX9BV0uMQ0,XN2YM7QG4AK9XTK4,Payment for INV-2026-M00196,INV-2026-M00196,pay_XcofyA2enYNv6I,order_s4qX18Ye58hxyS,INV-2026-M00196,card,N,,37391.91,INR,
pay_RhwvZDCogzWpAW,payment,0.00,27741.94,28412.48,INR,568.25,102.29,N,Y,2026-08-24,2026-08-26,setl_cIWq7iNmNaNO7r,T5BY7BD497YWN9IB,Payment for INV-2026-M00197,INV-2026-M00197,pay_RhwvZDCogzWpAW,order_r7zqWZ3NJZSXgq,INV-2026-M00197,card,N,,28412.48,INR,
pay_bq5giBwPtWTCyY,payment,0.00,24514.19,25106.70,INR,502.13,90.38,N,Y,2026-08-14,2026-08-16,setl_IYX2r0rvdPRDKj,GQJZZSCHCCM8N4N1,Payment for INV-2026-M00198,INV-2026-M00198,pay_bq5giBwPtWTCyY,order_TQ50HvQAP9mEg4,INV-2026-M00198,card,N,,25106.70,INR,
pay_DdGflJb455E7tv,payment,0.00,28984.85,29685.43,INR,593.71,106.87,N,Y,2026-08-07,2026-08-09,setl_4aGylaCLxumvhl,G4UZ1BK275OMDMSD,Payment for INV-2026-M00199,INV-2026-M00199,pay_DdGflJb455E7tv,order_K4ExG22TfQu4qD,INV-2026-M00199,card,N,,29685.43,INR,
pay_JK5pYjyTuqZXCv,payment,0.00,5273.23,5400.68,INR,108.01,19.44,N,Y,2026-08-21,2026-08-23,setl_eA5Gz9alDlKOKM,HMIJP6AULA2MBDTD,Payment for INV-2026-M00200,INV-2026-M00200,pay_JK5pYjyTuqZXCv,order_aJpxI1EUmZC0k2,INV-2026-M00200,upi,N,,5400.68,INR,
pay_WHgFdP5oCtBXoQ,payment,0.00,4882.00,5000.00,INR,100.00,12.00,N,Y,2026-08-20,2026-08-22,setl_dFDWWnBI7gfwmP,6O05NGUVKZ5EP45L,Payment for INV-2026-M00201,INV-2026-M00201,pay_WHgFdP5oCtBXoQ,order_HfUUczrOBsFETr,INV-2026-M00201,netbanking,N,,5000.00,INR,
pay_i09p3zd9Uuzrux,payment,0.00,6436.60,6500.00,INR,130.00,23.40,N,Y,2026-08-06,2026-08-08,setl_n5eXZlX1WZ68z1,K5WVVIBXVBXIBN5M,Payment for INV-2026-M00202,INV-2026-M00202,pay_i09p3zd9Uuzrux,order_QFDZegGq9QHFQq,INV-2026-M00202,card,N,,6500.00,INR,
